,title
2,Grumpier Old Men
4,Father of the Bride Part II
9,GoldenEye
12,Balto
18,Ace Ventura: When Nature Calls
20,Get Shorty
33,Babe
43,Mortal Kombat
47,Pocahontas
65,Lawnmower Man 2: Beyond Cyberspace
68,Friday
69,From Dusk Till Dawn
75,Screamers
105,Muppet Treasure Island
124,The Neverending Story III: Escape from Fantasia
142,Bad Boys
150,Batman Forever
153,Blue in the Face
155,Casper
160,Desperado
162,Die Hard: With a Vengeance
163,The Doom Generation
166,Free Willy 2 - The Adventure Home
178,Mighty Morphin Power Rangers: The Movie
182,The Net
185,The Prophecy
190,Showgirls
191,Smoke
193,Species
201,Under Siege 2: Dark Territory
210,Burnt by the Sun
212,Before Sunrise
219,Clerks
227,Dumb and Dumber
235,A Goofy Movie
249,Interview with the Vampire
256,Star Wars
282,Nemesis 2 - Nebula
286,Once Were Warriors
287,Poison Ivy II: Lily
309,The Swan Princess
313,The Santa Clause
323,Tales from the Crypt: Demon Knight
324,Star Trek: Generations
339,Ace Ventura: Pet Detective
344,Clear and Present Danger
348,The Crow
350,The Flintstones
359,The Lion King
361,New Nightmare
362,The Mask
365,The Naked Gun 33⅓: The Final Insult
369,Ri¢hie Ri¢h
372,Speed
374,Timecop
388,Street Fighter
392,The Fear
400,Highlander: The Final Dimension
405,Addams Family Values
410,Another Stakeout
450,Free Willy
452,The Fugitive
459,Hard Target
461,Hot Shots! Part Deux
465,House Party 3
475,Jurassic Park
497,The Next Karate Kid
514,RoboCop 3
526,The Secret Garden
528,The Shadow
536,Blade Runner
579,Home Alone
581,Aladdin
582,Terminator 2: Judgment Day
585,Batman
586,The Silence of the Lambs
588,Beauty and the Beast
598,Candyman: Farewell to the Flesh
601,Homeward Bound II: Lost in San Francisco
602,Heavy Metal
603,Hellraiser: Bloodline
622,All Dogs Go to Heaven 2
638,Mission: Impossible
643,DragonHeart
657,Bloodsport II
668,Alphaville
707,The Visitors
725,Ghost in the Shell
729,A Close Shave
732,The Arrival
754,Touki Bouki
759,Trainspotting
761,Independence Day
769,The Nutty Professor
796,A Very Brady Sequel
816,The Crow: City of Angels
826,Escape from L.A.
835,The Godfather
837,Police Story 3: Supercop
854,Project S
868,Halloween: The Curse of Michael Myers
901,2001: A Space Odyssey
927,The Thin Man
945,Night of the Living Dead
983,D3: The Mighty Ducks
985,The Apple Dumpling Gang
986,"Davy Crockett, King of the Wild Frontier"
987,Escape to Witch Mountain
988,The Love Bug
989,Herbie Rides Again
994,The Shaggy Dog
1000,Cinderella
1011,The Fox and the Hound
1012,Freeway
1014,Die Hard
1015,The Lawnmower Man
1041,Aladdin and the King of Thieves
1063,Dirty Dancing
1066,Weekend at Bernie's
1067,Basic Instinct
1080,Children of the Corn IV: The Gathering
1101,Escape from New York
1102,The Howling
1117,The Wrong Trousers
1160,Up in Smoke
1161,The Empire Strikes Back
1163,Raiders of the Lost Ark
1165,Aliens
1166,"The Good, the Bad and the Ugly"
1174,Return of the Jedi
1178,Alien
1179,Army of Darkness
1183,Psycho
1184,The Blues Brothers
1185,The Godfather: Part II
1197,The Sting
1202,The Terminator
1214,Chinatown
1223,Evil Dead II
1232,Back to the Future
1237,Highlander
1244,Fantasia
1251,Koyaanisqatsi
1253,Indiana Jones and the Last Crusade
1280,Alien³
1282,Amityville: It's About Time
1283,Amityville 3-D
1284,Amityville: Dollhouse
1285,Amityville: A New Generation
1286,Amityville II: The Possession
1287,The Amityville Horror
1288,The Amityville Curse
1294,The Blob
1299,Bride of Frankenstein
1301,Candyman
1304,Carrie
1306,A Nightmare on Elm Street
1309,The Omen
1313,Breaking the Waves
1315,Star Trek: First Contact
1318,Jingle All the Way
1320,Paradise Lost: The Child Murders at Robin Hood Hills
1325,101 Dalmatians
1328,Die Hard 2
1329,Star Trek: The Motion Picture
1330,Star Trek VI: The Undiscovered Country
1331,Star Trek V: The Final Frontier
1332,At the end of the universe lies the beginning of vengeance.
1333,Star Trek III: The Search for Spock
1334,Star Trek IV: The Voyage Home
1335,Batman Returns
1336,Young Guns
1337,Young Guns II
1338,Grease
1339,Grease 2
1343,Under Siege
1345,Jaws
1346,Jaws 2
1347,Jaws 3-D
1363,Scream
1381,Turbulence
1383,First Strike
1397,McHale's Navy
1411,Vegas Vacation
1427,The Saint
1429,The Van
1439,Turbo: A Power Rangers Movie
1443,Anaconda
1458,Austin Powers: International Man of Mystery
1465,Warriors of Virtue
1469,Nowhere
1484,The Lost World: Jurassic Park
1487,Shiloh
1496,Speed 2: Cruise Control
1501,Batman & Robin
1518,Men in Black
1525,Conan the Barbarian
1526,George of the Jungle
1530,Air Bud
1533,Free Willy 3: The Rescue
1541,Mimic
1547,The Hunt for Red October
1556,Kiss the Girls
1559,Wishmaster
1576,I Know What You Did Last Summer
1597,Bean
1608,Starship Troopers
1613,Mortal Kombat: Annihilation
1622,Alien: Resurrection
1629,The Boys
1637,Home Alone 3
1645,Scream 2
1650,Tomorrow Never Dies
1654,The Postman
1664,3 Ninjas: High Noon at Mega Mountain
1678,The Prophecy II
1704,U.S. Marshals
1714,Wild Things
1740,The Odd Couple II
1764,Species II
1765,Major League: Back to the Minors
1808,Mulan
1810,The X Files
1812,Doctor Dolittle
1819,Lethal Weapon 4
1854,The French Connection
1855,Rocky
1870,A Nightmare on Elm Street Part 2: Freddy's Revenge
1871,A Nightmare on Elm Street 3: Dream Warriors
1872,A Nightmare on Elm Street 4: The Dream Master
1873,A Nightmare on Elm Street 5: The Dream Child
1874,Freddy's Dead: The Final Nightmare
1875,Friday the 13th
1876,Friday the 13th Part 2
1877,Friday the 13th Part III
1878,Friday the 13th: The Final Chapter
1879,Friday the 13th: A New Beginning
1880,Friday the 13th Part VI: Jason Lives
1881,Friday the 13th Part VII: The New Blood
1882,Friday the 13th Part VIII: Jason Takes Manhattan
1883,Halloween
1884,Halloween II
1885,Halloween III: Season of the Witch
1886,Halloween 4: The Return of Michael Myers
1887,Halloween 5: The Revenge of Michael Myers
1888,Prom Night
1889,Hello Mary Lou: Prom Night II
1890,Prom Night III: The Last Kiss
1891,Prom Night IV: Deliver Us from Evil
1892,Child's Play
1893,Child's Play 2
1894,Child's Play 3
1895,Poltergeist
1896,Poltergeist II: The Other Side
1897,Poltergeist III
1898,The Exorcist
1899,Exorcist II: The Heretic
1900,The Exorcist III
1901,Lethal Weapon
1902,Lethal Weapon 2
1903,Lethal Weapon 3
1904,Gremlins
1905,Gremlins 2: The New Batch
1907,The Mask of Zorro
1912,Back to the Future Part II
1913,Back to the Future Part III
1914,The Poseidon Adventure
1916,The Absent-Minded Professor
1917,The Apple Dumpling Gang Rides Again
1919,Bambi
1924,The Godfather: Part III
1943,D2: The Mighty Ducks
1951,Herbie Goes Bananas
1952,Herbie Goes To Monte Carlo
1954,Honey I Blew Up the Kid
1955,"Honey, I Shrunk the Kids"
1979,The Jungle Book
1981,Lady and the Tramp
1982,The Little Mermaid
1983,The Mighty Ducks
1986,One Hundred and One Dalmatians
1988,Peter Pan
1991,The Rescuers
1992,Return from Witch Mountain
1993,The Return of Jafar
1996,The Shaggy D.A.
1999,Son of Flubber
2001,Splash
2006,Tron
2008,Halloween: H20
2016,Indiana Jones and the Temple of Doom
2017,The Lord of the Rings
2023,Children of the Corn
2024,All Dogs Go to Heaven
2025,The Addams Family
2038,Charlotte's Web
2040,The Secret of NIMH
2042,An American Tail
2043,An American Tail: Fievel Goes West
2049,House
2050,House II: The Second Story
2051,The Gods Must Be Crazy
2052,The Gods Must Be Crazy II
2059,"Henry II, Portrait of a Serial Killer"
2060,Henry: Portrait of a Serial Killer
2061,Rosemary's Baby
2062,The NeverEnding Story
2063,The Neverending Story II: The Next Chapter
2064,Attack of the Killer Tomatoes!
2068,Blade
2131,Cube
2170,Rush Hour
2176,Urban Legend
2185,The Thing
2208,2010
2212,Bride of Chucky
2225,Vampires
2233,Elizabeth
2235,I Still Know What You Did Last Summer
2243,The Stepford Wives
2260,Godzilla
2261,Godzilla 1985
2262,King Kong vs. Godzilla
2263,King Kong
2264,King Kong
2265,King Kong Lives
2268,Fletch
2269,Fletch Lives
2270,Red Sonja
2273,A View to a Kill
2275,Police Academy
2276,Police Academy 2: Their First Assignment
2277,Police Academy 3: Back in Training
2278,Police Academy 4: Citizens on Patrol
2279,Police Academy 5: Assignment Miami Beach
2280,Police Academy 6: City Under Siege
2281,Babe: Pig in the City
2290,Star Trek: Insurrection
2299,Rambo: First Blood Part II
2300,First Blood
2301,Rambo III
2302,The Jewel of the Nile
2303,Romancing the Stone
2304,Cocoon
2305,Cocoon: The Return
2306,Rocky II
2307,Rocky III
2308,Rocky IV
2309,Rocky V
2317,The Karate Kid
2318,"The Karate Kid, Part II"
2319,"The Karate Kid, Part III"
2320,National Lampoon's Christmas Vacation
2348,The Gate
2349,The Gate II: Trespassers
2351,The Fly
2352,The Fly
2353,The Fly II
2356,The Texas Chain Saw Massacre
2357,The Texas Chainsaw Massacre 2
2358,Leatherface: Texas Chainsaw Massacre III
2359,Texas Chainsaw Massacre: The Next Generation
2367,Crocodile Dundee
2368,Crocodile Dundee II
2371,The Color of Money
2402,8MM
2410,Pet Sematary
2411,Pet Sematary II
2412,Children of the Corn II: The Final Sacrifice
2413,Children of the Corn III: Urban Harvest
2417,Airport
2418,Airport 1975
2419,Airport '77
2422,Alligator
2424,Westworld
2426,Planet of the Apes
2427,Beneath the Planet of the Apes
2428,Battle for the Planet of the Apes
2429,Conquest of the Planet of the Apes
2430,Escape from the Planet of the Apes
2433,The Concorde... Airport '79
2434,Beyond the Poseidon Adventure
2436,Analyze This
2438,Cruel Intentions
2445,The Rage: Carrie 2
2468,The Matrix
2513,The Mummy
2524,Star Wars: Episode I - The Phantom Menace
2529,The Mummy
2530,The Mummy
2531,The Mummy's Curse
2532,The Mummy's Ghost
2533,The Mummy's Hand
2534,The Mummy's Tomb
2536,Superman
2537,Superman II
2538,Superman III
2539,Superman IV: The Quest for Peace
2540,Dracula
2541,House of Dracula
2542,House of Frankenstein
2543,Frankenstein
2544,Son of Frankenstein
2545,The Ghost of Frankenstein
2547,The Curse of Frankenstein
2548,Son of Dracula
2549,The Wolf Man
2550,Howling II: Stirba - Werewolf Bitch
2552,The Rocky Horror Picture Show
2563,Swamp Thing
2581,Austin Powers: The Spy Who Shagged Me
2585,Tarzan
2604,American Pie
2607,Muppets from Space
2608,The Blair Witch Project
2611,Lake Placid
2614,Ghostbusters
2615,Ghostbusters II
2618,Inspector Gadget
2629,The 400 Blows
2646,Allan Quatermain and the Lost City of Gold
2687,Damien: Omen II
2688,Omen III: The Final Conflict
2689,Airplane!
2690,Airplane II: The Sequel
2692,National Lampoon’s European Vacation
2693,National Lampoon's Vacation
2696,Problem Child
2702,A Christmas Story
2705,Universal Soldier: The Return
2706,Universal Soldier
2739,Stir of Echoes
2764,Fright Night
2765,Fright Night Part 2
2776,Armour of God II: Operation Condor
2777,Armour of God
2798,Phantasm
2799,Psycho II
2800,Psycho III
2821,Drunken Master
2841,The Dirty Dozen
2844,Goldfinger
2845,From Russia with Love
2846,Dr. No
2847,The Blue Lagoon
2848,A Fistful of Dollars
2850,Home Alone 2: Lost in New York
2851,Penitentiary
2852,Penitentiary II
2871,Bats
2880,The Ipcress File
2881,On Any Sunday
2882,RoboCop
2883,RoboCop 2
2886,For Your Eyes Only
2887,Licence to Kill
2888,Live and Let Die
2890,Thunderball
2892,House on Haunted Hill
2910,Bride of Re-Animator
2913,Creepshow
2914,Creepshow 2
2915,Re-Animator
2921,Piranha
2931,Mister Roberts
2936,Meatballs
2937,Meatballs Part II
2938,Meatballs III: Summer Job
2939,Meatballs 4
2950,Pokémon: The First Movie: Mewtwo Strikes Back
2956,The Commitments
2959,Poison Ivy
2960,Poison Ivy: The New Seduction
2978,The World Is Not Enough
3010,Toy Story 2
3037,The Two Jakes
3042,Deuce Bigalow: Male Gigolo
3048,The Last Picture Show
3049,The 7th Voyage of Sinbad
3053,Stuart Little
3073,Next Friday
3108,Batman: Mask of the Phantasm
3142,Sister Act
3148,Wayne's World
3149,Wayne's World 2
3151,Patriot Games
3162,El Mariachi
3165,The Cutting Edge
3168,Scream 3
3169,Single White Female
3170,The Boondock Saints
3191,"To Sir, with Love"
3195,Pitch Black
3196,The Whole Nine Yards
3234,Cross of Iron
3258,American Graffiti
3290,The Muppet Movie
3303,Final Destination
3323,Death Wish
3324,Death Wish 2
3325,Death Wish 3
3326,Death Wish 4: The Crackdown
3327,Death Wish 5: The Face of Death
3331,Teenage Mutant Ninja Turtles
3332,Teenage Mutant Ninja Turtles II: The Secret of the Ooze
3333,Teenage Mutant Ninja Turtles III
3337,Bloodsport
3343,Grumpy Old Men
3361,The Hustler
3376,The Skulls
3399,The Odd Couple
3416,Arthur
3417,Bachelor Party
3419,Predator
3426,American Psycho
3429,East Is East
3443,Caddyshack
3454,The Crow: Salvation
3455,The Flintstones in Viva Rock Vegas
3463,Carnosaur
3464,Carnosaur 2
3465,Carnosaur 3: Primal Species
3467,The Hidden
3477,Inferno
3484,Center Stage
3498,Pee-wee's Big Adventure
3501,Saludos Amigos
3507,Road Trip
3513,Mission: Impossible II
3514,Shanghai Noon
3523,On Her Majesty's Secret Service
3525,The Spy Who Loved Me
3528,Moonraker
3529,The Man with the Golden Gun
3536,Big Momma's House
3544,The Guns of Navarone
3548,Quatermass and the Pit
3549,Quatermass II
3550,Puppet Master
3551,Puppet Master II
3552,Puppet Master III Toulon's Revenge
3553,Puppet Master 4
3554,Puppet Master 5: The Final Chapter
3555,Curse of the Puppet Master
3556,Retro Puppet Master
3563,Benji the Hunted
3564,For the Love of Benji
3570,The Decline of Western Civilization Part II: The Metal Years
3571,For a Few Dollars More
3572,Magnum Force
3578,Porky's
3579,Porky's II: The Next Day
3580,Porky's 3: Revenge
3583,The Toxic Avenger
3587,Predator 2
3591,Alien Nation
3592,Mad Max
3593,Mad Max 2: The Road Warrior
3594,Mad Max Beyond Thunderdome
3597,Nine 1/2 Weeks
3598,Firestarter
3619,Shaft
3634,Shaft
3652,F/X
3653,F/X2
3655,Missing in Action
3656,Missing in Action 2: The Beginning
3657,Braddock: Missing in Action III
3660,The Golden Voyage of Sinbad
3662,House Party
3670,Shaft in Africa
3671,Shaft's Big Score!
3674,Scary Movie
3682,X-Men
3688,Pokémon: The Movie 2000
3696,Sinbad and the Eye of the Tiger
3709,Nutty Professor II: The Klumps
3714,Hollow Man
3725,Phantasm II
3727,Phantasm IV: Oblivion
3728,Pumpkinhead
3730,Sleepaway Camp
3734,Ilsa: She Wolf of the SS
3750,The Cell
3751,Godzilla 2000
3755,The Naked Gun: From the Files of Police Squad!
3756,The Naked Gun 2½: The Smell of Fear
3766,The Art of War
3769,Bring It On
3776,Highlander: Endgame
3779,Anatomy
3795,Urban Legends: Final Cut
3797,Dancer in the Dark
3804,Hellraiser
3805,Hellbound: Hellraiser II
3806,Hellraiser III: Hell on Earth
3808,Beach Party
3809,Bikini Beach
3810,Return of the Fly
3817,Creature from the Black Lagoon
3819,The Invisible Man
3824,The Slumber Party Massacre
3825,Slumber Party Massacre II
3827,Sorority House Massacre
3828,Sorority House Massacre II
3834,Meet the Parents
3843,Billy Jack
3844,Billy Jack Goes to Washington
3847,Ghoulies
3848,Ghoulies II
3858,The Legend of Drunken Master
3859,Book of Shadows: Blair Witch 2
3863,Charlie's Angels
3870,Diamonds Are Forever
3876,Rugrats in Paris: The Movie
3877,102 Dalmatians
3882,"Crouching Tiger, Hidden Dragon"
3883,Dungeons & Dragons
3891,The Living Daylights
3893,Wall Street
3902,The Emperor's New Groove
3911,Miss Congeniality
3916,Dracula 2000
3925,Annie
3939,Save the Last Dance
3970,Beverly Hills Cop
3975,The Brave Little Toaster
3990,The Evil Dead
4009,Jaws: The Revenge
4013,The Lost Boys
4017,Mannequin
4027,Left Behind
4029,In the Mood for Love
4033,Hannibal
4039,Recess: School's Out
4077,Demetrius and the Gladiators
4080,The Abominable Dr. Phibes
4094,Manhunter
4098,Revenge of the Nerds
4099,Revenge of the Nerds II: Nerds in Paradise
4106,C.H.U.D.
4116,Spy Kids
4122,Along Came a Spider
4124,Just Visiting
4125,Pokémon: Spell of the Unknown
4126,Pokémon: Spell of the Unknown
4127,Pokémon: Spell of the Unknown
4128,Pokémon: Spell of the Unknown
4133,Bridget Jones's Diary
4134,Joe Dirt
4141,Crocodile Dundee in Los Angeles
4156,The Mummy Returns
4192,Shrek
4207,City Slickers
4211,La Notte
4213,The Magnificent Seven
4214,Return of the Seven
4252,Atlantis: The Lost Empire
4253,Lara Croft: Tomb Raider
4254,Dr. Dolittle 2
4255,The Fast and the Furious
4269,The Crimson Rivers
4272,Cats & Dogs
4274,Scary Movie 2
4280,Beach Blanket Bingo
4282,The Cannonball Run
4283,Cannonball Run II
4284,Speed Zone
4288,Dr. Goldfoot and the Bikini Machine
4301,Nice Dreams
4304,Things Are Tough All Over
4323,Suspiria
4332,Final Fantasy: The Spirits Within
4333,Legally Blonde
4357,Arthur 2: On the Rocks
4363,Big Top Pee-wee
4369,Caddyshack II
4381,Critters
4382,Critters 2
4383,Critters 3
4387,The Dead Pool
4390,Elvira makes her big screen debut in her new comedy.
4391,Ernest Saves Christmas
4408,The Land Before Time
4421,Return of the Living Dead Part II
4422,The Return of the Living Dead
4423,Return to Snowy River
4424,The Man from Snowy River
4433,Short Circuit 2
4434,Short Circuit
4450,Waxwork
4457,Best of the Best 2
4459,Bill & Ted's Excellent Adventure
4464,C.H.U.D. II: Bud the Chud
4468,Cyborg
4472,Dream a Little Dream
4476,Eddie and the Cruisers II: Eddie Lives!
4477,Eddie and the Cruisers
4501,K-9
4502,Kickboxer
4509,Look Who's Talking
4511,Major League
4526,Jurassic Park III
4540,The Return of Swamp Thing
4542,Road House
4557,Stepfather II: Make Room For Daddy
4558,The Stepfather
4570,Warlock
4574,Weekend at Bernie's II
4585,Basket Case
4588,The Princess Diaries
4589,Rush Hour 2
4602,Any Which Way You Can
4606,American Pie 2
4631,Jeepers Creepers
4635,3 Ninjas
4636,3 Ninjas Kick Back
4637,3 Ninjas Knuckle Up
4668,Megiddo: The Omega Code 2
4677,The Return of a Man Called Horse
4703,Zoolander
4708,Joy Ride
4721,Cheech & Chong's Next Movie
4742,Dirty Harry
4765,Donnie Darko
4773,"Monsters, Inc."
4780,When a Stranger Calls
4783,Harry Potter and the Philosopher's Stone
4799,Funny Girl
4802,The Beastmaster
4821,The Exterminator
4830,At the Earth's Core
4832,The Enforcer
4840,The People That Time Forgot
4844,Sudden Impact
4845,Behind Enemy Lines
4850,Ocean's Eleven
4867,Bill & Ted's Bogus Journey
4880,The Lord of the Rings: The Fellowship of the Ring
4889,Fritz the Cat
4893,Sex and Zen
4914,Another 48 Hrs.
4927,Conan the Destroyer
4936,48 Hrs.
4989,The Sandlot
4995,Return to Never Land
5003,Funny Lady
5006,Sleuth
5014,Queen of the Damned
5025,The Bad News Bears
5026,The Bad News Bears Go to Japan
5027,The Bad News Bears in Breaking Training
5029,The Lone Ranger
5045,FernGully: The Last Rainforest
5051,Zombie Flesh Eaters
5096,"Oh, God! Book II"
5097,"Oh, God!"
5101,Ice Age
5102,Resident Evil
5113,The Paleface
5114,Road to Morocco
5115,Road to Singapore
5117,Road to Zanzibar
5129,Smokey and the Bandit II
5130,Smokey and the Bandit
5131,Smokey and the Bandit Part 3
5137,Blade II
5169,National Lampoon’s Van Wilder
5178,Slap Shot
5185,My Big Fat Greek Wedding
5190,"Rome, Open City"
5191,Return of the Killer Tomatoes!
5192,Return to Horror High
5194,Three Men and a Baby
5199,The Scorpion King
5209,Jason X
5235,Spider-Man
5247,White Fang
5248,White Fang 2: Myth of the White Wolf
5264,Star Wars: Episode II - Attack of the Clones
5268,Every Which Way But Loose
5286,The Sum of All Fears
5304,The Bourne Identity
5305,Scooby-Doo
5314,Cheech & Chong's The Corsican Brothers
5330,Lilo & Stitch
5338,Look Who's Talking Now!
5344,Like Mike
5345,Men in Black II
5362,Halloween: Resurrection
5366,Stuart Little 2
5367,Austin Powers in Goldmember
5379,In Like Flint
5381,Modesty Blaise
5383,Our Man Flint
5390,Spy Kids 2: The Island of Lost Dreams
5393,xXx
5410,Blue Crush
5417,Undisputed
5424,The Care Bears Movie
5427,Hot Shots!
5432,976-EVIL
5438,The Revenge of Frankenstein
5439,Stakeout
5457,Barbershop
5459,The Transporter
5468,Ernest Goes to Jail
5471,So you think you're lucky to be alive...
5472,The Hills Have Eyes
5513,Red Dragon
5516,Heaven
5521,Mothra vs. Godzilla
5523,"Godzilla, King of the Monsters!"
5528,Texasville
5532,Horror of Dracula
5536,Django
5537,Django Strikes Again
5565,The Ring
5570,Naqoyqatsi
5577,Jason Goes to Hell: The Final Friday
5579,Saturday Night Fever
5580,Staying Alive
5616,Enter the Ninja
5620,Faces of Death II
5621,Faces of Death
5656,My Bloody Valentine
5664,Piranha Part Two: The Spawning
5670,Jackass: The Movie
5681,Casino Royale
5689,The Santa Clause 2
5701,Harry Potter and the Chamber of Secrets
5717,Left Behind II: Tribulation Force
5726,Return to the Blue Lagoon
5741,Scanners
5743,Shock Treatment
5760,Die Another Day
5762,Friday After Next
5779,I Spit on Your Grave
5787,Zulu
5788,Analyze That
5823,Class of 1984
5832,Star Trek: Nemesis
5840,The Lord of the Rings: The Two Towers
5857,My Girl 2
5858,My Girl
5887,Heavy Metal 2000
5948,Final Destination 2
5960,Tokyo Decadence
6031,They Call Me Bruce?
6033,Trail of the Pink Panther
6043,Zapped!
6046,Shanghai Knights
6048,The Jungle Book 2
6056,Dennis the Menace
6060,The Black Stallion
6110,Willard
6122,Born Free
6132,Ringu
6149,My Friend Flicka
6150,The Robe
6180,House of 1000 Corpses
6223,X2
6228,Daddy Day Care
6238,Breakin' 2: Electric Boogaloo
6239,Breakin'
6249,The Matrix Reloaded
6254,The Spanish Apartment
6256,Bruce Almighty
6260,Finding Nemo
6262,Wrong Turn
6266,2 Fast 2 Furious
6269,Nevada Smith
6274,A Man Called Horse
6361,Dumb and Dumberer: When Harry Met Lloyd
6364,Rugrats Go Wild
6379,The Satanic Rites of Dracula
6381,28 Days Later
6382,Charlie's Angels: Full Throttle
6414,"Legally Blonde 2: Red, White & Blonde"
6416,Terminator 3: Rise of the Machines
6418,Pirates of the Caribbean: The Curse of the Black Pearl
6427,Bad Boys II
6429,Johnny English
6443,Lara Croft Tomb Raider: The Cradle of Life
6445,Spy Kids 3-D: Game Over
6454,Gator
6464,White Lightning
6465,American Wedding
6474,S.W.A.T.
6483,Hawks and Sparrows
6494,Freddy vs. Jason
6503,Agent Cody Banks
6538,Tremors
6541,The Pink Panther
6542,The Pink Panther Strikes Again
6574,Jeepers Creepers 2
6579,The Other Side of the Bed
6586,Cabin Fever
6588,Once Upon a Time in Mexico
6600,Once Upon a Time in China
6610,Day of the Dead
6633,Underworld
6641,Yossi & Jagger
6672,Beethoven
6673,Beethoven's 2nd
6699,Ginger Snaps
6700,More American Graffiti
6751,House of the Dead
6753,Kill Bill: Vol. 1
6759,The Texas Chainsaw Massacre
6767,Scary Movie 3
6768,Brother Bear
6787,The Eye
6791,Frankenstein and the Monster from Hell
6800,Sherlock Holmes and the Voice of Terror
6801,Sherlock Holmes Faces Death
6811,The Matrix Revolutions
6821,Father of the Bride
6833,Bad Santa
6842,Darkman
6852,Tales from the Crypt
6855,WarGames
6872,Highlander II: The Quickening
6880,Kindergarten Cop
6898,Battle Royale
6912,Teen Wolf
6949,A Shot in the Dark
6993,Leprechaun
7012,Stolen Kisses
7018,Honey
7028,The Lord of the Rings: The Return of the King
7036,Cheaper by the Dozen
7077,Beyond Re-Animator
7105,The Silencers
7129,The Butterfly Effect
7134,You Got Served
7136,Barbershop 2:  Back in Business
7141,The Lost Skeleton of Cadavra
7155,Blacula
7156,Scream Blacula Scream
7183,King Solomon's Mines
7195,Dirty Dancing: Havana Nights
7220,Agent Cody Banks 2: Destination London
7244,Scooby-Doo 2: Monsters Unleashed
7246,Dogville
7248,Hellboy
7250,The Prince & Me
7251,Walking Tall
7256,The Whole Ten Yards
7262,Dawn of the Dead
7280,Road to Bali
7299,Kill Bill: Vol. 2
7312,Mean Girls
7315,Van Helsing
7348,100 Girls
7357,You Only Live Twice
7358,Octopussy
7361,Never Say Never Again
7409,Look Who's Talking Too
7412,The Delta Force
7417,Cat People
7421,The Four Musketeers
7453,Bang Rajan
7462,Sniper
7477,Babylon 5: Thirdspace
7493,Another Thin Man
7494,The Thin Man Goes Home
7495,Shadow of the Thin Man
7496,After the Thin Man
7497,Song of the Thin Man
7507,Tremors 2: Aftershocks
7508,Tremors 3: Back to Perfection
7519,The Vampire Lovers
7521,The Cheerleaders
7526,The Streetfighter
7527,Return of the Street Fighter
7534,Frankenstein Must Be Destroyed
7540,Gidget
7559,The Silence
7582,Infernal Affairs
7587,Robot Jox
7592,Death Race 2000
7625,Harper
7637,Delta Force 2: The Colombian Connection
7679,L'Avventura
7748,Shrek 2
7756,Harry Potter and the Prisoner of Azkaban
7759,The Chronicles of Riddick
7760,Garfield
7774,Police Academy: Mission to Moscow
7785,The Adventures of Sherlock Holmes
7819,Super Size Me
7827,The Born Losers
7828,The Human Condition I: No Greater Love
7840,Godzilla vs. Mechagodzilla
7841,The Hitcher
7874,"Now You See Him, Now You Don't"
7895,The Philadelphia Experiment
7900,Revenge of the Pink Panther
7909,Taxi 3
7916,Lassie Come Home
7940,Spider-Man 2
7942,Before Sunset
7945,Anchorman: The Legend of Ron Burgundy
7947,A Cinderella Story
7964,The Deluge
7969,The Bourne Supremacy
7987,The Magnificent Seven Ride!
8075,Terror by Night
8078,The Woman in Green
8082,Dressed to Kill
8091,Thunderbirds are GO
8114,Harold & Kumar Go to White Castle
8115, she's got 30 days!
8117,AVP: Alien vs. Predator
8121,Without a Paddle
8122,Exorcist: The Beginning
8130,The Sting II
8136,Benji: Off the Leash!
8161,Night of the Demons
8162,Witchboard
8168,Resident Evil: Apocalypse
8199,Basket Case 3
8200,Basket Case 2
8239,It's Alive
8254,The Grudge
8264,Saw
8268,The Incredibles
8274,Seed of Chucky
8276,Bridget Jones: The Edge of Reason
8279,National Treasure
8281,The SpongeBob SquarePants Movie
8291,Ocean's Twelve
8292,Blade: Trinity
8305,That's Entertainment!
8380,The Son of Kong
8396,Werewolf of London
8413,Topper
8441,Why We Fight: Prelude to War
8453,The Curse of the Cat People
8506,King Solomon's Mines
8564,The Human Condition II: Road to Eternity
8581,The Human Condition III: A Soldier's Prayer
8623,Dracula: Prince of Darkness
8662,Dracula Has Risen from the Grave
8683,Taste the Blood of Dracula
8710,They Call Me Trinity
8719,The Emigrants
8722,Dr. Phibes Rises Again
8723,Dracula A.D. 1972
8740,My Name Is Nobody
8751,Walking Tall
8757,Emmanuelle
8761,Gone in 60 Seconds
8772,Dolemite
8774,Emmanuelle II
8784,Sister Street Fighter
8785,Supervixens
8791,Futureworld
8800,Up!
8882,The Ewok Adventure
8890,"Silent Night, Deadly Night"
8901,Demons
8902,Ewoks: The Battle for Endor
8905,Police Story
8928,A Better Tomorrow
8931,Hell Comes to Frogtown
9012,Mannequin Two: On the Move
9053,Return to Lonesome Dove
9054,American Ninja 5
9060,Cyborg 2
9063,Fortress
9070,Philadelphia Experiment II
9072,The Snapper
9079,Naked Killer
9090,Major League II
9093,Pumpkinhead II: Blood Wings
9105,Street Fighter II: The Animated Movie
9120,Pusher
9127,Bikini Summer III: South Beach Heat
9149,The Lion King 2: Simba's Pride
9178,Addams Family Reunion
9203,Candyman: Day of the Dead
9206,The Batman Superman Movie: World's Finest
9207,The End of Evangelion
9214,Freeway II: Confessions of a Trickbaby
9222,Taxi 2
9232,Cruel Intentions 2
9239,Guest House Paradiso
9241,If These Walls Could Talk 2
9248,2046
9267,Batman Beyond: Return of the Joker
9276,Mimic 2
9278,Paradise Lost 2: Revelations
9329,"Godzilla, Mothra and King Ghidorah: Giant Monsters All-Out Attack"
9339,American Psycho 2: All American Girl
9346,Cube²: Hypercube
9375,Fubar
9383,Sympathy for Mr. Vengeance
9386,The Foreigner
9393,The Lion King 1½
9420,Tremors 4: The Legend Begins
9422,Bring It On Again
9423,Crimson Rivers II: Angels of the Apocalypse
9433,Naked Weapon
9443,Ghost in the Shell 2: Innocence
9455,Ginger Snaps 2: Unleashed
9457,Dark Woods
9470,Oldboy
9473,Ginger Snaps Back: The Beginning
9478,One Missed Call
9484,Starship Troopers 2: Hero of the Federation
9489,Ong-Bak: The Thai Warrior
9490,Infernal Affairs II
9501,Open Water
9505,Infernal Affairs III
9515,The Ring Two
9522,The Yes Men
9529,Azumi
9544,Cruel Intentions 3
9548,What the #$*! Do We (K)now!?
9575,Hellraiser: Inferno
9587,Meet the Fockers
9599,White Noise
9654,Appleseed
9667,Boys Town
9688,Dr. Who and the Daleks
9693,Are We There Yet?
9694,Alone in the Dark
9697,Boogeyman
9752,Constantine
9753,Son of the Mask
9766,Night Watch
9770,Topper Returns
9779,"No Retreat, No Surrender"
9787,The Three Musketeers
9799,Germany Year Zero
9800,Tombs of the Blind Dead
9810,Be Cool
9822,Godzilla vs. Mechagodzilla II
9828,"Oh, God! You Devil"
9854,Cube Zero
9863,Vares: Private Eye
9870,Miss Congeniality 2: Armed and Fabulous
9931,Sin City
9964,Arabian Nights
10030,The Amityville Horror
10053,xXx: State of the Union
10112,Star Wars: Episode III - Revenge of the Sith
10119,The Invisible Woman
10132,Madagascar
10138,Dominion: Prequel to the Exorcist
10143,The Sisterhood of the Traveling Pants
10158,Godzilla vs. Biollante
10165,Batman Begins
10167,Godzilla: Final Wars
10175,Herbie Fully Loaded
10177,Land of the Dead
10224,Billion Dollar Brain
10235,Fantastic Four
10266,The Devil's Rejects
10300,The Dukes of Hazzard
10304,Deuce Bigalow: European Gigolo
10331,Doomed to Die
10358,Asterix & Obelix Take on Caesar
10375,Transporter 2
10393,Revenge of the Ninja
10400,New Police Story
10413,Waiting...
10429,Green Street Hooligans
10437,Final Fantasy VII: Advent Children
10441,Into the Blue
10454,The Curse of the Were-Rabbit
10457,Whispering Corridors 3: Wishing Stairs
10471,Goal!: The Dream Begins
10522,The Legend of Zorro
10526,Saw II
10537,American Pie Presents: Band Camp
10541,Tarzan the Ape Man
10542,Tarzan and His Mate
10549,Manderlay
10555,Love on the Run
10563,Jarhead
10572,The Brides of Dracula
10595,Wolf Creek
10596,The Descent
10600,Harry Potter and the Goblet of Fire
10625,The Evil of Frankenstein
10643,"The Chronicles of Narnia: The Lion, the Witch and the Wardrobe"
10651,Havoc
10685,The Ambushers
10691,Cheaper by the Dozen 2
10710,The Dentist
10734,Sympathy for Lady Vengeance
10746,District B13
10747,BloodRayne
10748,Hostel
10753,Hoodwinked!
10755,Underworld: Evolution
10757,Casper Meets Wendy
10767,Project A
10777,Hellraiser: Hellseeker
10779,Gamera vs. Gyaos
10807,Big Momma's House 2
10808,Nanny McPhee
10822,Final Destination 3
10839,The Pink Panther
10840,Troll
10842,Curious George
10848,When a Stranger Calls
10861,Pulse
10872,Ice Age: The Meltdown
10893,Leprechaun 2
10894,Leprechaun 3
10895,Leprechaun 4: In Space
10896,Leprechaun in the Hood
10903,The Hills Have Eyes
10907,Son of the Pink Panther
10936,Urban Legends: Bloody Mary
10940,Basic Instinct 2
10973,Scary Movie 4
10988,Silent Hill
10997,The Protector
10998,Mission: Impossible III
11018,The Da Vinci Code
11019,X-Men: The Last Stand
11025,Cars
11054,Pirates of the Caribbean: Dead Man's Chest
11056,Clerks II
11064,See No Evil
11074,Hollow Man II
11080,High School Musical
11092,Jack Frost 2: Revenge of the Mutant Killer Snowman
11100,The Fast and the Furious: Tokyo Drift
11101,Garfield: A Tail of Two Kitties
11169,Night at the Museum
11198,Crank
11219,Step Up
11221,Bon Cop Bad Cop
11341,Vixen!
11349,Jackass Number Two
11360,Open Season
11366,The Texas Chainsaw Massacre: The Beginning
11378,The Grudge 2
11380,The Marine
11407,Flags of Our Fathers
11415,Azumi 2: Death or Love
11417,Saw III
11424,The Butterfly Effect 2
11431,The Santa Clause 3: The Escape Clause
11456,Casino Royale
11457,Happy Feet
11487,Van Wilder 2: The Rise of Taj
11490,Dracula's Daughter
11492,She
11493,Election 2
11498,Rocky Balboa
11521,Loose Change: 2nd Edition
11523,The Decameron
11544,Letters from Iwo Jima
11547,Happily N'Ever After
11550,Stomp the Yard
11552,Arthur and the Invisibles
11555,American Pie Presents: The Naked Mile
11607,Smokin' Aces
11610,The Messengers
11612,Hannibal Rising
11617,Cocaine Cowboys
11627,"Wake Up, Ron Burgundy: The Lost Movie"
11643,Trailer Park Boys: The Movie
11644,Ghost Rider
11661,Kidulthood
11662,Like Mike 2: Streetball
11693,2001 Maniacs
11695,Teen Wolf Too
11699,Pusher III: I'm the Angel of Death
11702,White Noise 2: The Light
11714,300
11745,The Hills Have Eyes 2
11776,Are We Done Yet?
11820,Vacancy
11826,Mr. Bean's Holiday
11831,The Condemned
11832,Spider-Man 3
11844,Maniac Cop
11859,Day Watch
11860,This Is England
11867,28 Weeks Later
11877,Shrek the Third
11879,Pirates of the Caribbean: At World's End
11886,Fay Grim
11897,Ocean's Thirteen
11903,Godzilla vs. Mothra
11904,Godzilla vs. Destoroyah
11905,Godzilla vs. King Ghidorah
11910,Hostel: Part II
11914,Starcrash
11915,Surf's Up
11916,Fantastic 4: Rise of the Silver Surfer
11921,Death Proof
11958,Still Smokin
11973,Live Free or Die Hard
11976,Evan Almighty
11977,Transformers
11979,Harry Potter and the Order of the Phoenix
11986,Arn: The Knight Templar
12017,The Bourne Ultimatum
12053,Rush Hour 3
12065,Daddy Day Camp
12071,Halloween
12073,2 Days in Paris
12093,Planet Terror
12097,Silent Bob Speaks
12135,Resident Evil: Extinction
12148,Elizabeth: The Golden Age
12150,Sleuth
12152,30 Days of Night
12195,Why Did I Get Married?
12196,Saw IV
12211,Elite Squad
12218,Decoys
12237,The Man from Earth
12266,Hitman
12273,Alvin and the Chipmunks
12274,Futurama: Bender's Big Score
12282,Wrong Turn 2: Dead End
12313,Sex and Fury
12323,The Hamiltons
12333,National Treasure: Book of Secrets
12339,Aliens vs Predator: Requiem
12351,Battlestar Galactica: Razor
12375,[REC]
12379,In the Name of the King: A Dungeon Siege Tale
12389,Hatchet
12408,One Missed Call
12411,Rambo
12414,The Eye
12420,Hellboy II: The Golden Army
12437,Rise of the Footsoldier
12472,Step Up 2: The Streets
12506,Diary of the Dead
12514,Terkel in Trouble
12526,Return of the Living Dead 3
12536,The Dark Knight
12543,Black Dawn
12545,Never Back Down
12591,Nim's Island
12598,Street Kings
12600,Harold & Kumar Escape from Guantanamo Bay
12617,Outpost
12627,Tarzan Escapes
12628,Tarzan Finds a Son!
12629,Tarzan's Secret Treasure
12630,Tarzan's New York Adventure
12641,Prom Night
12643,Iron Man
12650,Taken
12654,Stargate: The Ark of Truth
12661,American Pie Presents: Beta House
12669,The Chronicles of Narnia: Prince Caspian
12680,Indiana Jones and the Kingdom of the Crystal Skull
12696,Sex and the City
12703,Kung Fu Panda
12737,Flesh Gordon
12760,Wanted
12773,St. Trinian's
12777,Futurama: The Beast with a Billion Backs
12794,Bambi II
12797,Kit Kittredge: An American Girl
12823,Mamma Mia!
12844,Journey to the Center of the Earth
12860,Death Note
12866,Space Chimps
12869,Stargate: Continuum
12873,War Games: The Dead Code
12883,The X Files: I Want to Believe
12888,The Little Mermaid II: Return to the Sea
12890,Hogfather
12904,The Mummy: Tomb of the Dragon Emperor
12922,Red Cliff
12928,The Sisterhood of the Traveling Pants 2
12948,Death Race
12953,Mirrors
12975,The Mother of Tears
12993,Son of Lassie
13007,The Crow IV: Wicked Prayer
13050,Alone in the Dark 2
13067,Adios Sabata
13070,The Drowning Pool
13083,The Flight Before Christmas
13084,Quarantine
13088,Lost Boys: The Tribe
13104,Futurama: Bender's Game
13108,Madagascar: Escape 2 Africa
13116,Quantum of Solace
13145,Camp Rock
13147,Saw V
13149,Critters 4
13155,Beverly Hills Chihuahua
13173,The Dirty Dozen: Next Mission
13174,The Dirty Dozen: The Deadly Mission
13185,Revenge of the Zombies
13188,Twilight
13190,Transporter 3
13202,The Guyver
13213,A Matter of Loaf and Death
13220,Ninja III: The Domination
13228,Che: Part One
13229,Che: Part Two
13230,Starship Troopers 3: Marauder
13245,The Wrecking Crew
13263,A Chinese Ghost Story II
13287,War of the Worlds 2: The Next Wave
13316,Marley & Me
13349,Open Season 2
13352,Ip Man
13364,The Gamers: Dorkness Rising
13366,My Bloody Valentine
13383,Underworld: Rise of the Lycans
13393,Revenge of the Nerds IV: Nerds In Love
13400,Paul Blart: Mall Cop
13433,The Grudge 3
13467,Futurama: Into the Wild Green Yonder
13476,Afro Samurai: Resurrection
13482,Trancers
13505,Still Waiting...
13515,Street Fighter: The Legend of Chun-Li
13531,Friday the 13th
13533,Screamers: The Hunting
13534,The Pink Panther 2
13573,The Haunting in Connecticut
13580,Ong Bak 2
13581,The Girl with the Dragon Tattoo
13630,The Butterfly Effect 3: Revelations
13654,Kiler
13655,Fast & Furious
13690,Bab'Aziz
13693,Crank: High Voltage
13712,X-Men Origins: Wolverine
13720,Star Trek
13722,Black Magic
13731,Red Cliff Part II
13736,Wild Things: Diamonds in the Rough
13770,Terminator Salvation
13771,Night at the Museum: Battle of the Smithsonian
13819,Without a Paddle: Nature's Calling
13823,The Hangover
13842,U Pana Boga za piecem
13850,Dead Snow
13865,Zulu Dawn
13887,The Land That Time Forgot
13910,Transformers: Revenge of the Fallen
13924,Ice Age: Dawn of the Dinosaurs
13951,Through the Olive Trees
13962,The Librarian: The Curse of the Judas Chalice
13969,Harry Potter and the Half-Blood Prince
13974,The Visitors II: The Corridors of Time
13977,Open Water 2: Adrift
13981,Slap Shot 2: Breaking the Ice
14005,The Vault of Horror
14037,The Collector
14054,G.I. Joe: The Rise of Cobra
14058,12 Rounds
14059,"Silent Night, Deadly Night II"
14076,Kill Buljo
14090,Love Hina Christmas Special: Silent Eve
14110,Feast II: Sloppy Seconds
14151,Assault on Devil's Island
14154,Released
14170,Vacancy 2: The First Cut
14180,Troll 2
14191,If These Walls Could Talk
14193,Halloween II
14204,Carry On Screaming
14205,Green Street Hooligans 2
14250,The Final Destination
14252,Cloudy with a Chance of Meatballs
14274,Hellraiser: Deader
14275,Hellraiser: Hellworld
14277,Paranormal Activity
14356,Love Hina Spring Special - I Wish Your Dream
14409,The Tiger of Eschnapur
14444,Saw VI
14453,The Boondock Saints II: All Saints Day
14469,MVP: Most Valuable Primate
14473,The Indian Tomb
14484,Battlestar Galactica: The Plan
14510,The Twilight Saga: New Moon
14636,Avatar
14642,Sherlock Holmes
14647,Alvin and the Chipmunks: The Squeakquel
14717,The Girl Who Kicked the Hornet's Nest
14748,Puppet Master: The Legacy
14764,Project A II
14785,Ninja
14803,Mega Shark vs Giant Octopus
14807,"Rudolph, the Red-Nosed Reindeer"
14815,Undisputed II: Last Man Standing
14845,Female Yakuza Tale
14923,The Girl Who Played with Fire
14925,Percy Jackson & the Olympians: The Lightning Thief
14928,Trailer Park Boys: Countdown to Liquor Day
14953,The Yes Men Fix the World
14959,Tooth Fairy
14968,[REC]²
14969,Cabin Fever 2: Spring Fever
14976,Alice in Wonderland
15006,Joy Ride 2: Dead Ahead
15019,Survival of the Dead
15030,Women in Trouble
15038,Deadly Prey
15040,Mondo Cane
15061,Hot Tub Time Machine
15068,How to Train Your Dragon
15075,Universal Soldier: Regeneration
15077,The Pearl of Death
15090,Clash of the Titans
15101,Kick-Ass
15176,Diary of a Wimpy Kid
15193,Normal Adolescent Behavior
15219,The Human Centipede (First Sequence)
15224,Ben
15231,King of the Zombies
15240,Iron Man 2
15272,A Nightmare on Elm Street
15335,Puppet Master vs Demonic Toys
15368,Sex and the City 2
15398,The Descent: Part 2
15435,Toy Story 3
15459,Shrek Forever After
15466,Rampage
15476,The Moment After 2: The Awakening
15490,Best Worst Movie
15495,The Twilight Saga: Eclipse
15550,Predators
15559,Despicable Me
15568,Grown Ups
15573,Creepshow 3
15631,Nanny McPhee and the Big Bang
15658,Ip Man 2
15675,She-Wolf of London
15695,The Expendables
15740,Piranha 3D
15771,TEKKEN
15783,The Last Exorcism
15814,Gasland
15825,Machete
15826,Step Up 3D
15864,Vampires Suck
15869,Resident Evil: Afterlife
15894,Superman/Batman: Apocalypse
15922,Wall Street: Money Never Sleeps
15928,Cats & Dogs 2 : The Revenge of Kitty Galore
16003,Monsters
16040,Lost Boys: The Thirst
16065,Jackass 3D
16066,Restrepo
16070,30 Days of Night: Dark Days
16082,RED
16124,Paranormal Activity 2
16144,Undisputed III : Redemption
16146,Saw: The Final Chapter
16168,A Turtle's Tale: Sammy's Adventures
16175,1990: The Bronx Warriors
16221,Harry Potter and the Deathly Hallows: Part 1
16223,Tangled
16231,The Lost Skeleton Returns Again
16268,Cocaine Cowboys II: Hustlin' with the Godmother
16306,The Chronicles of Narnia: The Voyage of the Dawn Treader
16312,It Lives Again
16321,Rare Exports: A Christmas Tale
16355,Hatchet II
16366,Saving Shiloh
16375,TRON: Legacy
16377,It's Alive III: Island of the Alive
16416,Demonic Toys
16442,Little Fockers
16454,Klown
16464,Tere Bin Laden
16470,Topper Takes a Trip
16497,Embodiment of Evil
16640,The Trip
16680,Evangelion: 2.0 You Can (Not) Advance
16681,I Spit on Your Grave
16700,Zeitgeist: Moving Forward
16702,Look What's Happened to Rosemary's Baby
16770,Mirrors 2
16818,Brother 2
16845,Lapland Odyssey
16856,The Mechanic
16893,Scooby-Doo! The Mystery Begins
16899,Fubar II
16901,Scooby-Doo! Curse of the Lake Monster
16915,Elite Squad: The Enemy Within
16932,"Big Mommas: Like Father, Like Son"
16955,The Kings of Mykonos
16985,Death Note: The Last Name
16987,Insidious
16994,L: Change the World
17009,Dead Space: Downfall
17014,Diary of a Wimpy Kid: Rodrick Rules
17055,New Kids Turbo
17062,Daffy Duck's Quackbusters
17065,Scream 4
17066,Rio
17076,Thor
17082,Atlas Shrugged Part I
17108,"Silent Night, Deadly Night III: Better Watch Out!"
17154,Fast Five
17215,Eye of the Dolphin
17223,Mothra
17226,Pirates of the Caribbean: On Stranger Tides
17238,The Hangover Part II
17248,Loose Change 9/11: An American Coup
17254,Destroy All Monsters
17295,Open Season 3
17301,Turbulence 2: Fear of Flying
17315,Kung Fu Panda 2
17319,X-Men: First Class
17378,"Ghidorah, the Three-Headed Monster"
17381,Elektra Luxx
17390,Why Did I Get Married Too?
17398,Transformers: Dark of the Moon
17427,The Bishop Murder Case
17462,Horrible Bosses
17465,Cars 2
17499,I Am Curious (Blue)
17519,Bikini Summer
17522,Double Dhamaal
17540,Harry Potter and the Deathly Hallows: Part 2
17547,Captain America: The First Avenger
17569,Quarantine 2: Terminal
17580,"Think Fast, Mr. Moto"
17582,Beverly Hills Chihuahua 2
17601,The Smurfs
17625,Alpha and Omega
17628,Bikini Summer II
17647,FRED: The Movie
17682,Death Race 2
17688,West Is West
17691,Rise of the Planet of the Apes
17728,Final Destination 5
17731,A Very Harold & Kumar Christmas
17736,Mysterious Mr. Moto
17755,Fright Night
17764,Cold Prey
17766,Stake Land
17781,The Messengers 2: The Scarecrow
17811,Birdemic: Shock and Terror
17816,Page Eight
17817,The Inbetweeners Movie
17866,"Fat, Sick & Nearly Dead"
17897,Ironclad
17921,The Avengers
18067,The Thing
18080,Behind Enemy Lines II: Axis of Evil
18099,Paranormal Activity 3
18108,Blondie Knows Best
18109,Johnny English Reborn
18152,The Gold of Naples
18250,The Muppets
18252,The Twilight Saga: Breaking Dawn - Part 1
18294,Another Cinderella Story
18304,Xtro
18320,Happy Feet Two
18341,The Expendables 2
18343,Sharktopus
18346,The Hunger Games
18354,The Dark Knight Rises
18357,The Bourne Legacy
18360,Sherlock Holmes: A Game of Shadows
18374,Macon County Line
18391,Mission: Impossible - Ghost Protocol
18399,Alvin and the Chipmunks: Chipwrecked
18441,Born To Race
18458,Dolphin Tale
18479,Cat Run
18483,Underworld: Awakening
18505,The Human Centipede 2 (Full Sequence)
18550,Hostel: Part III
18585,Six Degrees of Celebration
18592,Grave Encounters
18593,Detective Dee and the Mystery of the Phantom Flame
18601,The Woman in Black
18655,Journey 2: The Mysterious Island
18686,Smokin' Aces 2: Assassins' Ball
18706,The Dead
18709,Ghost Rider: Spirit of Vengeance
18741,Mega Shark vs. Crocosaurus
18742,Wrong Turn 4: Bloody Beginnings
18761,Dr. Goldfoot and the Girl Bombs
18803,Goon
18823,21 Jump Street
18879,Wrath of the Titans
18889,Iron Sky
18893,American Reunion
18895,The Raid
18908,"Wild, Wild Planet"
18941,The Best Exotic Marigold Hotel
18958,The Chance of a Lifetime
18994,Think Like a Man
19019,Feast III: The Happy Finish
19025,The Scorpion King: Rise of a Warrior
19026,Big Boys Gone Bananas!*
19055,Boys Love
19072,Men in Black 3
19073,Snow White and the Huntsman
19081,Night of the Demons
19095,Prometheus
19096,The Pact
19151,Madagascar 3: Europe's Most Wanted
19163,Superman/Batman: Public Enemies
19164,Dead Space: Aftermath
19170,Dragon Ball Z: The World's Strongest
19209,Ted
19212,Magic Mike
19229,The Amazing Spider-Man
19237,Wrong Turn 3: Left for Dead
19239,Ice Age: Continental Drift
19297,Dragon Ball Z: Broly - Second Coming
19304,Anaconda 3: Offspring
19334,Vampire Journals
19336,La Classe Américaine
19340,In the Name of the King 2: Two Worlds
19346,Dick Tracy vs. Cueball
19359,The Little Mermaid: Ariel's Beginning
19361,Skyfall
19408,Diary of a Wimpy Kid: Dog Days
19441,Piranha 3DD
19474,Paradise Lost 3: Purgatory
19483,Pitch Perfect
19498,Deathstalker
19517,Resident Evil: Retribution
19546,ChromeSkull: Laid to Rest 2
19556,V/H/S
19572,Taken 2
19643,Urbanized
19660,Sinister
19668,Hotel Transylvania
19679,Charlie Chan in London
19683,We Are From The Future
19693,Atlas Shrugged Part II
19696,"Ator, the Fighting Eagle"
19704,Marley & Me: The Puppy Years
19713,Hoodwinked Too! Hood VS. Evil
19734,[REC]³ Genesis
19736,Gangs of Wasseypur
19752,Paranormal Activity 4
19756,Tai Chi Zero
19766,Alex Cross
19780,Silent Hill: Revelation 3D
19825,Wreck-It Ralph
19833,The Saint In London
19836,The Man with the Iron Fists
19852,Single White Female 2: The Psycho
19886,The Scorpion King 3: Battle for Redemption
19887,Wishmaster 2: Evil Never Dies
19889,"Batman: The Dark Knight Returns, Part 1"
19911,The Twilight Saga: Breaking Dawn - Part 2
19959,Step Up Revolution
20016,Bad Ass
20018,A Christmas Story 2
20051,My Lucky Stars
20052,"Twinkle, Twinkle, Lucky Stars"
20073,The Hobbit: An Unexpected Journey
20138,"Count Yorga, Vampire"
20152,Jack Reacher
20157,Willard
20161,Cirque du Soleil: Worlds Away
20176,Silent Night
20199,976-Evil II
20200,Xtro 2: The Second Encounter
20201,Xtro 3: Watch the Skies
20234,The Collection
20252,Rurouni Kenshin
20267,Confessions of a Window Cleaner
20273,Confessions of a Pop Performer
20303,Texas Chainsaw 3D
20307,Dabangg 2
20323,A Haunted House
20332,"Batman: The Dark Knight Returns, Part 2"
20335,Pokémon the Movie Black: Victini and Reshiram
20336,Pokémon the Movie White: Victini and Zekrom
20369,Outpost: Black Sun
20386,Up In Smoke
20415,Night of the Demons 2
20417,Death Race: Inferno
20438,Angelique
20465,Confessions from a Holiday Camp
20515,The ABCs of Death
20519,Resident Evil: Damnation
20538,Chinese Zodiac
20546,A Good Day to Die Hard
20569,Universal Soldier: Day of Reckoning
20587,Before Midnight
20594,Starship Troopers: Invasion
20615,Maniac Cop 2
20628,The Last Exorcism Part II
20644,The Net 2.0
20649,The Croods
20664,The Trial of the Incredible Hulk
20719,Olympus Has Fallen
20786,Don : The Chase Begins Again
20812,Koi... Mil Gaya
20889,Scary Movie 5
20899,Breaking Wind
20913,Justice League: Doom
20928,Iron Man 3
20954,The Human Tornado
21026,Star Trek Into Darkness
21072,The Hangover Part III
21074,Fast & Furious 6
21076,Captain America
21081,Captain America II: Death Too Soon
21095,The Devil's Carnival
21129,Now You See Me
21172,Man of Steel
21184,The Purge
21199,Beverly Hills Chihuahua 3 - Viva La Fiesta!
21205,Monsters University
21224,Fullmetal Alchemist: The Sacred Star of Milos
21230,Pacific Rim
21231,Lego Batman: The Movie - DC Super Heroes Unite
21237,World War Z
21241,K-911
21268,Despicable Me 2
21304,Ghoulies III: Ghoulies Go to College
21305,Ghoulies IV
21311,Return of the Living Dead: Necropolis
21312,V/H/S/2
21313,Return of the Living Dead: Rave to the Grave
21347,Sharknado
21369,Tai Chi Hero
21373,Justice League: The Flashpoint Paradox
21385,The Conjuring
21389,Mean Girls 2
21400,Gasland Part II
21405,The Wolverine
21418,RED 2
21422,The Death of the Incredible Hulk
21423,"Nick Carter, Master Detective"
21489,Percy Jackson: Sea of Monsters
21490,The Smurfs 2
21492,Class of 1999
21496,My Little Pony: Equestria Girls
21509,Batman: Mystery of the Batwoman
21512,Kickboxer 3: The Art of War
21514,Kickboxer 4: The Agresor
21515,Class of 1999 II - The Substitute
21516,We're the Millers
21519,Grown Ups 2
21526,Kick-Ass 2
21527,Riddick
21528,Planes
21530,Mr. Moto in Danger Island
21659,Zapped Again!
21661,Subspecies 4: Bloodstorm
21672,Killjoy 2: Deliverance from Evil
21673,Killjoy 3
21679,Killjoy Goes To Hell
21718,Insidious: Chapter 2
21719,The Ultimate Life
21770,Grand Masti
21837,Scanners II: The New Order
21838,Scanners III: The Takeover
21863,Curse of Chucky
21869,Angel
21888,Cloudy with a Chance of Meatballs 2
21923,Machete Kills
21929,Calling Dr. Death
21939,Weird Woman
21970,Another 9 1/2 Weeks
21976,Godzilla vs. Megaguirus
21977,Godzilla vs. Megalon
21987,Godzilla vs. SpaceGodzilla
22019,Pillow of Death
22049,Bad Grandpa
22050,Race
22052,Thor: The Dark World
22058,Godzilla: Tokyo S.O.S.
22101,Godzilla Against MechaGodzilla
22153,The Best Man Holiday
22167,The Hunger Games: Catching Fire
22168,The Hobbit: The Desolation of Smaug
22219,Frozen
22220,Ninja 1
22265,Grave Encounters 2
22268,Fright Night 2: New Blood
22393,Dampfnudelblues
22397,Anchorman 2: The Legend Continues
22419,Demons 2
22428,Ninja: Shadow of a Tear
22471,Bitterly!
22506,Dhoom
22518,12 Rounds 2: Reloaded
22524,Dollman vs. Demonic Toys
22527,Paranormal Activity: The Marked Ones
22632,Ride Along
22636,Jack Ryan: Shadow Recruit
22637,Divergent
22706,Justice League: War
22815,Teen Beach Movie
22830,The Lego Movie
22835,RoboCop
22842,Nymphomaniac: Vol. II
22876,Don 2: The King is Back
22879,"Niko 2 - Little Brother, Big Trouble"
22941,The Cutting Edge: Going for the Gold
23016,The Art of War III: Retribution
23038,300: Rise of an Empire
23052,Contracted
23119,Sniper: Reloaded
23145,Blondes at Work
23167,Captain America: The Winter Soldier
23177,The Nut Job
23179,Belle and Sebastian
23199,BloodRayne: The Third Reich
23208,BloodRayne: Deliverance
23225,Muppets Most Wanted
23269,Going Postal
23284,The Raid 2
23287,Trancers II: The Return of Jack Deth
23301,The Amazing Spider-Man 2
23307,Son of Batman
23309,Trancers 3: Deth Lives
23319,God's Not Dead
23338,Rio 2
23351,Hatchet III
23360,A Haunted House 2
23362,Mulan II
23412,Golden Christmas 2
23415,A Golden Christmas 3
23423,Neighbors
23432,Alpha and Omega 3: The Great Wolf Games
23459,Into the Blue 2: The Reef
23473,X-Men: Days of Future Past
23486,Trances
23562,Beneath the Valley of the Ultra-Vixens
23586,Mission: Impossible - Rogue Nation
23603,Bad Ass 2: Bad Asses
23639,The Thompsons
23670,22 Jump Street
23674,How to Train Your Dragon 2
23709,The Legend of the 7 Golden Vampires
23734,Transformers: Age of Extinction
23762,Planes: Fire & Rescue
23809,Dawn of the Planet of the Apes
23865,The Purge: Anarchy
23870,Guardians of the Galaxy
23884,The Expendables 3
23894,Paradise: Hope
23936,The Trip to Italy
23941,Largo Winch II
23947,Step Up All In
23955,Sharktopus vs Pteracuda
24014,Teenage Mutant Ninja Turtles
24047,Antboy
24049,Appleseed Alpha
24051,Carry On... Up the Khyber
24055,Snake River Desperadoes
24074,Sin City: A Dame to Kill For
24131,Cat Run 2
24137,Charlie Chan in the Secret Service
24194,Atlas Shrugged Part III: Who is John Galt?
24226,Carry On Spying
24229,Castle in the Desert
24237,The Maze Runner
24254,Sharknado 2: The Second One
24358,Cabin Fever: Patient Zero
24376,Annabelle
24399,Charlie Chan at Monte Carlo
24414,Charlie Chan at the Olympics
24415,Charlie Chan at the Opera
24421,House III: The Horror Show
24454,Bad Grandpa .5
24455,The Swan Princess: Escape from Castle Mountain
24465,Challenge to Lassie
24469,John Wick
24476,The Disappearance of Eleanor Rigby: Them
24498,Charlie Chan at the Wax Museum
24499,Charlie Chan at Treasure Island
24500,City in Darkness
24509,The Swan Princess: The Mystery of the Enchanted Kingdom
24510,Charlie Chan in Panama
24514,The Chinese Cat
24526,Charlie Chan's Chance
24550,The Mummy's Shroud
24553,Blood from the Mummy's Tomb
24556,Ouija
24631,Charlie Chan's Murder Cruise
24632,Charlie Chan's Secret
24658,Dead in Tombstone
24659,Seal Team Eight: Behind Enemy Lines
24671,An American Tail: The Treasure of Manhattan Island
24710,Children of the Corn 666: Isaac's Return
24711,Children of the Corn V: Fields of Terror
24713,Children of the Corn: Revelation
24746,Colt Comrades
24773,Wolf Creek 2
24786,Secret of the Wings
24787,Tinker Bell and the Lost Treasure
24801,Courage of Lassie
24803,Cowgirls n' Angels
24817,Sniper: Legacy
24830,Cyborg Cop II
24834,Dakota's Summer
24836,Dangerous Money
24868,Kickboxer 5: The Redemption
24906,The Whistler
24925,Dead Snow 2: Red vs. Dead
24936,Dead Man's Eyes
24937,Dead Men Tell
24939,Zatôichi: The Blind Swordsman
24957,Warriors of the Rainbow: Seediq Bale - Part 1: The Sun Flag
24974,"Fat, Sick & Nearly Dead 2"
24986,Curse of the Fly
24993,The Hunger Games: Mockingjay - Part 1
25004,The Apocalypse
25052,Ski School
25059,Dumb and Dumber To
25111,Dolphin Tale 2
25117,Aashiqui 2
25118,ABCs of Death 2
25162,Lupin the 3rd
25163,The Monkey King
25204,Jurassic World
25219,God Forgives... I Don't!
25230,Horrible Bosses 2
25240,Doctor in Distress
25241,Doctor in the House
25304,Penguins of Madagascar
25326,Maze Runner: The Scorch Trials
25358,Doctor at Sea
25378,Trailer Park Boys: Live at the North Pole
25425,Cleopatra Jones and the Casino of Gold
25433,Home Alone: The Holiday Heist
25469,Six Swedish Girls at a Pump
25476,Bring It On: In It To Win It
25496,Jarhead 2: Field of Fire
25504,Jingle All the Way 2
25510,The Hobbit: The Battle of the Five Armies
25520,Zorro
25528,A Pistol for Ringo
25561,The Beales of Grey Gardens
25625,The Cop in Blue Jeans
25654,Kingsman: The Secret Service
25659,Night at the Museum: Secret of the Tomb
25712,Carry On Teacher
25713,Carry On Constable
25728,Even Angels Eat Beans
25747,The Prophecy: Forsaken
25818,"Silent Night, Deadly Night 5: The Toy Maker"
25923,"No Retreat, No Surrender 2: Raging Thunder"
25955,Taken 3
25985,Terminator Genisys
25998,The Woman in Black 2: Angel of Death
26050,Korengal
26058,The Reef 2: High Tide
26070,Forbidden Kingdom
26095,101 Dalmatians II: Patch's London Adventure
26098,Van Wilder: Freshman Year
26102,Highlander V: The Source
26110,Wrong Turn 5: Bloodlines
26122,Shark Attack 3: Megalodon
26131,Save the Last Dance 2
26146,Sabata
26159,Wishmaster 3: Beyond the Gates of Hell
26166,Leprechaun: Back 2 tha Hood
26171,Sometimes They Come Back... Again
26172,The Dentist 2: Brace Yourself
26200,Carry On Cabby
26232,Wishmaster 4: The Prophecy Fulfilled
26241,Shark Attack
26255,Ator the Iron Warrior
26364,Valley of Head Hunters
26366,Voodoo Tiger
26374,Tarzan and the Amazons
26401,Shark Attack 2
26429,The Sky Dragon
26435,When A Stranger Calls Back
26439,Tooth Fairy 2
26455,Sometimes They Come Back... for More
26477,Vampires: The Turning
26481,Walking Tall: The Payback
26506,War of the Colossal Beast
26524,Joy Ride 3
26529,Hercules and the Amazon Women
26541,MVP 2: Most Vertical Primate
26542,Air Bud: Seventh Inning Fetch
26545,Air Buddies
26546,The Search for Santa Paws
26549,Santa Paws 2: The Santa Pups
26550,Super Buddies
26553,Warlock III: The End of Innocence
26622,Mostly Ghostly
26623,Muscle Beach Party
26628,Nemesis 4: Death Angel
26629,Nemesis 3: Time Lapse
26639,The Curse of the Mummy's Tomb
26655,Space Chimps 2: Zartog Strikes Back
26673,Mad Max: Fury Road
26674,Insidious: Chapter 3
26675,Star Wars: The Force Awakens
26678,Avengers: Age of Ultron
26682,Ant-Man
26684,Deadpool
26686,Guardians of the Galaxy Vol. 2
26687,Captain America: Civil War
26689,X-Men: Apocalypse
26704,The Gambler Returns: The Luck Of The Draw
26713,One More Time
26736,Return of Sabata
26775,Ritual
26851,Return to Nim's Island
26923,The Jade Mask
26943,Hayride
26953,The Golden Eye
27064,Whistling in the Dark
27066,Whistling in Dixie
27067,Whistling in Brooklyn
27085,The Shanghai Cobra
27097,House Party 4: Down to the Last Minute
27101,The Snow Queen
27113,The Lone Wolf Spy Hunt
27166,Tarzan's Greatest Adventure
27232,Hills of Home
27275,Justice League: Throne of Atlantis
27283,The Ouija Experiment
27332,Kenny Rogers as The Gambler
27373,Shadows Over Chinatown
27382,TekWar
27414,Richard The Lionheart
27415,Sweeney!
27480,Snake Eater
27495,The Trap
27514,He Who Dares
27601,Fifty Shades of Grey
27628,Halloweentown II: Kalabar's Revenge
27797,"Daddy, I'm A Zombie"
27800,Outrage Beyond
27851,The Fox and the Hound 2
27903,The Land Unknown
27909,Fantomas
28047,[REC]⁴ Apocalypse
28157,Screwballs
28158,Loose Screws
28160,Screwball Hotel
28167,"I Am Sartana, Trade Your Guns for a Coffin"
28168,"Have a Good Funeral, My Friend... Sartana Will Pay"
28170,Light the Fuse... Sartana Is Coming
28193,Beethoven's 3rd
28220,The Adventures of Hercules
28263,Mark Strikes Again
28312,Jönssonligan får guldfeber
28328,Lilla Jönssonligan på styva linan
28358,Wild Geese II
28418,Bride of Boogedy
28454,"Ilsa, Harem Keeper of the Oil Sheiks"
28457,"Honey, We Shrunk Ourselves"
28461,House IV
28467,Stitch! The Movie
28470,Hot Tub Time Machine 2
28492,"Ilsa, the Mad Butcher"
28520,Tarzan's Savage Fury
28566,The Gamers
28572,The SpongeBob Movie: Sponge Out of Water
28587,Tomie: Unlimited
28624,Twins of Evil
28630,George Carlin: It's Bad for Ya!
28688,Soulless
28703,LEGO DC Comics Super Heroes: Justice League vs. Bizarro League
28767,Stand by Me Doraemon
28799,Carry On Cowboy
28804,Gidget Goes Hawaiian
28854,Tribulation
28902,Insurgent
28906,La vérité si je mens !
28935,The Disappearance of Eleanor Rigby: Her
28936,The Disappearance of Eleanor Rigby: Him
28952,Furious 7
28961,The Happy Hooker
28964,A new generation of action-adventure excitement!
28971,The Happy Hooker Goes To Washington
28978,Lemon Popsicle
28988,Robotech: The Movie
29002,The Stud
29024,Spiders 2: Breeding Ground
29047,George Carlin: Life Is Worth Losing
29075,Stargate SG-1: Children of the Gods - Final Cut
29090,Cinderella III: A Twist in Time
29093,The Little Polar Bear: Lars and the Little Tiger
29128,Ants in the Pants 2
29153,Ants in the Pants
29190,Sabrina the Teenage Witch
29198,Thunderhead - Son of Flicka
29205,Rurouni Kenshin: Kyoto Inferno
29238,Hardbodies 2
29239,Hardbodies
29313,Batman vs. Robin
29462,Paul Blart: Mall Cop 2
29524,The Return of Count Yorga
29530,The Dead 2: India
29580,Lage Raho Munna Bhai
29662,Batman Unlimited: Animal Instincts
29731,Emmanuelle 3
29734,Emmanuelle 6
29735,Black Emanuelle
29736,Emmanuelle in Bangkok
29738,Emmanuelle and the Last Cannibals
29739,Emmanuelle Around the World
29740,Caged Women
29774,Ghosthouse
29800,Barbie: Fairytopia
29817,Barbie: Mariposa and The Fairy Princess
29831,Hitman: Agent 47
29869,Cocaine Cowboys: Reloaded
29925,Pitch Perfect 2
30024,Sleepaway Camp III: Teenage Wasteland
30033,Monsters: Dark Continent
30041,Hera Pheri
30048,"Ilsa, the Tigress of Siberia"
30061,Martial Law
30065,The Human Centipede 3 (Final Sequence)
30087,Carry On Don't Lose Your Head
30105,Deadlier Than the Male
30106,Some Girls Do
30266,Tinker Bell
30405,To Trap a Spy
30451,Tanu Weds Manu
30525,The Hunger Games: Mockingjay - Part 2
30526,Max
30528,Allegiant
30529,Fantastic Beasts and Where to Find Them
30569,Mostly Ghostly: Have You Met My Ghoulfriend?
30578,Johnny Tsunami
30579,Johnny Kapahala - Back on Board
30627,The Secret Life of Pets
30634,Ghost in the Shell: Stand Alone Complex - The Laughing Man
30684,Independence Day: Resurgence
30695,1920
30763,Carry On Doctor
30776,Golmaal
30802,Dhoom 2
30817,Ted 2
30827,Minions
30849,Firestarter 2: Rekindled
30859,Universal Soldier III: Unfinished Business
30865,Return to Sleepaway Camp
30884,Bloodsport III
30888,Spectre
30889,Killer Tomatoes Strike Back!
30890,Golgo 13: The Professional
30923,Cross
30930,The Howling: Reborn
30932,Boogeyman 2
30933,Bad Kids Go To Hell
30965,The Scorpion King: Quest for Power
31013,Ghost in the Shell 2.0
31022,Kim Possible: A Sitch in Time
31030,Prep & Landing
31031,Robot Chicken: Star Wars
31050,The Amityville Playhouse
31051,Thunder in Paradise
31064,Gingerdead Man vs. Evil Bong
31085,Vacation
31095,Pokémon the Movie: Genesect and the Legend Awakened
31096,Pokémon: Arceus and the Jewel of Life
31097,Pokémon: The Rise of Darkrai
31099,See No Evil 2
31104,The Pact II
31105,The Ouija Experiment 2: Theatre of Death
31199,Batman v Superman: Dawn of Justice
31228,TEKKEN: Kazuya's Revenge
31390,The Creature Walks Among Us
31406,Blue Lagoon: The Awakening
31447,Magic Mike XXL
31804,Joe Dirt 2: Beautiful Loser
31877,I'll Always Know What You Did Last Summer
31912,Afro Samurai
31976,Leviathan: The Story of Hellraiser and Hellbound: Hellraiser II
32115,Lavalantula
32174,Tiny Times 3
32223,Language of Love
32243,Batman Unlimited: Monster Mayhem
32262,Descendants
32284,Tarzan II
32290,Pokémon: Giratina and the Sky Warrior
32390,Sting of the Black Scorpion
32391,Black Scorpion
32392,Black Scorpion II: Aftershock
32403,Death Train
32404,The Parent Trap II
32406,"Family Guy Presents: Something, Something, Something, Dark Side"
32413,The Shadow Strikes
32423,Nancy Drew... Reporter
32430,Sinister 2
32449,Further Adventures of the Wilderness Family
32491,Curious George 2: Follow That Monkey!
32538,Sailor Moon S the Movie: Hearts in Ice
32539,Sailor Moon R: The Movie
32540,Sailor Moon Super S: The Movie
32607,Library Wars
32663,Arthur 3: The War of the Two Worlds
32695,Hard Time: Hostage Hotel
32782,The Hunchback of Notre Dame II
32783,HK: Forbidden Super Hero
32945,The Rise of the Krays
32955,Hot Wheels Acceleracers: Ignition
32957,Pokémon: Zoroark: Master of Illusions
32964,Contracted: Phase II
32970,Pokémon the Movie: Diancie and the Cocoon of Destruction
32971,Pokémon the Movie: Hoopa and the Clash of Ages
32993,The Transporter Refueled
33008,La Vérité si je Mens ! 3
33019,Fallen
33020,The Crossing
33045,Return to Halloweentown
33075,12 Rounds 3: Lockdown
33079,Robert the Doll
33123,Attack on Titan II: End of the World
33206,Scanner Cop
33230,A Date with the Falcon
33270,Witchboard 2: The Devil's Doorway
33344,Robot Wars
33353,Life Eternal
33371,Hotel Transylvania 2
33481,Wonder Woman
33573,Nobel's Last Will
33592,Carry On Jack
33671,LEGO DC Comics Super Heroes: Justice League: Attack of the Legion of Doom!
33695,McHale's Navy Joins the Air Force
33697,Sleepaway Camp IV: The Survivor
33794,4bia
33919,Cold War
33983,Blondie Has Servant Trouble
34089,Paranormal Activity: The Ghost Dimension
34131,David
34155,K-9: P.I.
34159,Half Past Dead 2
34201,The Chinese Boxer
34241,All Hallows' Eve
34352,Bloodsport: The Dark Kumite
34628,Creed
34887,Anacondas: Trail of Blood
34965,Ma and Pa Kettle Go to Town
34979,Young and Dangerous 5
35087,My Little Pony: Equestria Girls - Rainbow Rocks
35100,Dark Woods II
35115,Escape from the Bronx
35182,Mega Shark vs. Mecha Shark
35301,Wizards of Waverly Place: The Movie
35346,Zoolander 2
35440,Tupla-Uuno
35466,Jimi Plays Monterey
35488,Daddy's Home
35513,Kung Fu Panda 3
35570,Alligator 2 - The Mutation
35572,Dick Tracy Meets Gruesome
35662,Thou Shalt Laugh 3
35664,Thou Shalt Laugh 2 - The Deuce
35700,F.C. De Kampioenen: Kampioen zijn blijft plezant
35711,Angels' Alley
35790,OSS 117: Mission for a Killer
35795,Slime City
35849,The Cheetah Girls: One World
35929,The Rise & Fall of a White Collar Hooligan
35971,The Reunion
36081,Tarzan and the Leopard Woman
36089,Witchcraft
36093,Deathstalker and the Warriors from Hell
36094,Deathstalker IV: Match of Titans
36095,Dream a Little Dream 2
36103,Ride Along 2
36110,Batman: Bad Blood
36186,ABCD (Any Body Can Dance)
36264,Revenge of the Stepford Wives
36370,"Crouching Tiger, Hidden Dragon: Sword of Destiny"
36379,London Has Fallen
36392,Carry On Up the Jungle
36393,Carry On Matron
36398,Carry On Abroad
36429,Lapland Odyssey 2
36464,Carry On Loving
36492,Raaz
36497,Carry On Again Doctor
36673,Naked Soldier
37092,Welcome
37244,1920: Evil Returns
37386,Thumb Wars: The Phantom Cuticle
37387,Thumbtanic
37488,Hold That Baby!
37526,Hate Story 3
37532,All Stars 2: Old Stars
37568,The Ouija Exorcism
37611,Carry On Girls
37690,Monster High Great Scarrier Reef
37709,The Amityville Asylum
37715,Angels in Disguise
37723,Master Minds
37738,Return to Nuke 'Em High Volume 1
37758,Pee-wee's Big Holiday
37820,My Big Fat Greek Wedding 2
37884,The House of Fear
37940,Blonde Dynamite
37955,Lucky Losers
37993,Blues Busters
37994,Triple Trouble
37995,Bowery Battalion
37996,SO HILARIOUS! IT'S CRAZY ENOUGH TO MAKE EVEN A HORSE LAUGH!
37997,Let's Go Navy!
37999,Here Come the Marines
38000,Hold That Line
38001,Clipped Wings
38002,Jalopy
38004,Private Eyes
38005,Paris Playboys
38006,Bowery to Bagdad
38007,Dig That Uranium
38008,High Society
38009,Jail Busters
38010,Spy Chasers
38011,Crashing Las Vegas
38034,Hate Story
38035,Hate Story 2
38044,The Huntsman: Winter's War
38045,Neighbors 2: Sorority Rising
38056,Mysterious Intruder
38115,Black Magic
38211,Blondie Goes Latin
38215,00 Schneider - Jagd auf Nihil Baxter
38237,Otto - The Movie
38257,Macross Frontier: The Wings of Goodbye
38282,Barbershop: The Next Cut
38294,Finding Dory
38333,Witchery
38357,Tarzan and the Valley of Gold
38429,Fatal Fury: The Motion Picture
38437,Slayers Gorgeous
38458,Megazone 23 III
38493,Lust for a Vampire
38608,Carry On Cleo
38640,Billa II
38706,Alvin and the Chipmunks: The Road Chip
38725,Leatherface
38787,CyberTracker
38844,Alice Through the Looking Glass
38936,The Philadelphia Experiment
38967,Now You See Me 2
39122,The Blade Master
39131,8213: Gacy House
39157,Teenage Mutant Ninja Turtles: Out of the Shadows
39162,Fast Getaway
39184,Bullet to Beijing
39216,The Conjuring 2
39219,Circuitry Man II: Plughead Rewired
39268,Ghostbusters
39274,The Condemned 2
39406,Jason Bourne
39451,The Purge: Election Year
39453,Ice Age: Collision Course
39767,Soul Music
39786,Kingsglaive: Final Fantasy XV
39841,"Splash, Too"
39888,Sharknado 4: The 4th Awakens
40030,Klown Forever
40037,Mechanic: Resurrection
40137,Bridget Jones's Baby
40161,High Strung
40182,Spirits' Homecoming
40240,Race 2
40345,Hard Target 2
40381,Davy Crockett and the River Pirates
40399,The Falcon Takes Over
40414,Dhamaal
40465,Housefull
40471,Birdemic 2: The Resurrection
40474,Akkare Akkare Akkare
40501,The Legend of Nigger Charley
40522, One Family....A Desperate Struggle
40563,Rampage: Capital Punishment
40564,Rampage: President Down
40572,Shiloh 2: Shiloh Season
40617,Blair Witch
40664,20th Century Boys - Chapter 3: Our Flag
40691,Gumball 3000: The Movie
40792,Maigret Sets a Trap
40920,The Cheetah Girls
40922,The Wizards Return: Alex vs. Alex
40959,Honey 2
40976,An American Girl: Chrissa Stands Strong
40981,Molly: An American Girl on the Home Front
40993,You Are Umasou
41044,Phantasm: Ravager
41069,Inferno
41071,Ouija: Origin of Evil
41110,Avenging Angel
41170,Jack Reacher: Never Go Back
41214,Trancers 6: Life After Deth
41234,"Initiation: Silent Night, Deadly Night 4"
41282,Bad Santa 2
41315,Flatland
41603,Rogue One: A Star Wars Story
41616,Underworld: Blood Wars
41620,Wild Things: Foursome
41629,Hobgoblins
42085,xXx: Return of Xander Cage
42089,The Lego Batman Movie
42209,Rings
42211,The Secret of Blood Island
42281,John Wick: Chapter 2
42283,Logan
42288,T2 Trainspotting
42379,The Howling: New Moon Rising
42383,Resident Evil: The Final Chapter
42467,Fifty Shades Darker
42524,The Child's Eye
42548,Bad Kids of Crestview Academy
42602,The Escape
42858,Miles Jupp: Is The Chap You're Thinking Of
42946,Fists of Iron
42951,Tainá: An Amazon Adventure
42980,Guyver: Dark Hero
43001,2 Lava 2 Lantula!
43012,Alien: Covenant
43060,Sleepaway Camp II: Unhappy Campers
43079,Epoch
43109,Darkman III: Die Darkman Die
43110,The Gingerdead Man
43112,Inspector Gadget 2
43113,Species: The Awakening
43114,Species III
43179,Hercules
43215,Eating Out
43297,Born to Race: Fast Track
43315,Beware! The Blob
43363,The Fate of the Furious
43402,Cars 3
43409,Boyka: Undisputed IV
43415,The Marine 5: Battleground
43460,Bloodfight
43470,Circuitry Man
43614,Revenge of the Creature
43670,The Hidden II
43671,A Few Less Men
43747,Amityville: The Awakening
43776,3-D Sex and Zen: Extreme Ecstasy
43830,Monster High: Electrified
43831,"Monster High: Boo York, Boo York"
43832,Monster High: 13 Wishes
43833,Monster High: Welcome to Monster High
43837,Monster High: Friday Night Frights
43838,"Monster High: Frights, Camera, Action!"
43993,George of the Jungle 2
44015,The Dukes of Hazzard: The Beginning
44086,Casper: A Spirited Beginning
44114,Despicable Me 3
44154,Little Forest: Summer/Autumn
44316,The Amazing Colossal Man
44376,War for the Planet of the Apes
44532,Nemesis
44578,Adventures Of A Taxi Driver
44695,Sinbad il marinaio
44775,Goon: Last of the Enforcers
44921,Pokémon: Spell of the Unknown
44922,Pokémon: Spell of the Unknown
44923,Pokémon: Spell of the Unknown
44924,Pokémon: Spell of the Unknown
44926,Air Bud: Spikes Back
44948,Transformers: The Last Knight
44955,Six Degrees of Celebration 1914
45030,Gor
45085,Batman Beyond: The Movie
45134,Bon Cop Bad Cop 2
45342,Schoolgirl Report Part 5: What All Parents Should Know
45343,Schoolgirl Report Part 4: What Drives Parents to Despair
45360,Descendants 2
45457,Frankenstein Created Woman
45462,Carry On Camping
